n,instance,runs_ok,target_energy,reached_count,tts_mean,tts_min,tts_max,energy_mean,energy_min,violated_cons_mean,violated_cons_min,tw_violations_mean,feasible_count,var_count,term_count,build_sec_mean,wall_sec_mean,value_mean,value_min
20,n20w20.001,1,378,1,0.248,0.248,0.248,378.00,378,0.00,0,0.00,1,227,1519,0.833,2.61,378.00,378
20,n20w40.001,1,254,1,21.191,21.191,21.191,254.00,254,0.00,0,0.00,1,744,24849,0.989,23.76,254.00,254
20,n20w60.001,1,335,1,1.070,1.070,1.070,335.00,335,0.00,0,0.00,1,1262,74320,1.051,3.78,335.00,335
20,n20w80.001,1,329,1,2.811,2.811,2.811,329.00,329,0.00,0,0.00,1,1430,102392,1.003,4.73,329.00,329
20,n20w100.001,1,237,1,4.618,4.618,4.618,237.00,237,0.00,0,0.00,1,2191,285242,1.071,6.71,237.00,237
40,n40w20.001,1,500,1,9.951,9.951,9.951,500.00,500,0.00,0,0.00,1,803,14199,1.020,12.79,500.00,500
40,n40w40.001,1,465,1,2.467,2.467,2.467,465.00,465,0.00,0,0.00,1,1160,32419,1.026,4.80,465.00,465
40,n40w60.001,1,494,1,31.846,31.846,31.846,494.00,494,0.00,0,0.00,1,2378,176588,1.034,34.78,494.00,494
40,n40w80.001,1,395,1,20.190,20.190,20.190,396.00,396,0.00,0,0.00,1,2765,233776,1.092,22.79,395.00,395
40,n40w100.001,1,429,0,,,,434.00,434,0.00,0,0.00,1,4617,992880,1.404,300.97,434.00,434
60,n60w20.001,1,551,1,29.467,29.467,29.467,551.00,551,0.00,0,0.00,1,1055,19953,1.095,31.88,551.00,551
60,n60w40.001,1,591,1,25.393,25.393,25.393,591.00,591,0.00,0,0.00,1,1948,80001,1.034,27.76,591.00,591
60,n60w60.001,1,609,1,121.994,121.994,121.994,609.00,609,0.00,0,0.00,1,2836,240627,1.066,124.42,609.00,609
60,n60w80.001,1,458,1,46.092,46.092,46.092,458.00,458,0.00,0,0.00,1,5049,728278,1.316,48.88,458.00,458
60,n60w100.001,1,515,1,109.633,109.633,109.633,515.00,515,0.00,0,0.00,1,5607,1519223,1.566,112.26,515.00,515
80,n80w20.001,1,616,1,9.969,9.969,9.969,616.00,616,0.00,0,0.00,1,1675,42506,0.994,12.78,616.00,616
80,n80w40.001,1,606,1,33.919,33.919,33.919,606.00,606,0.00,0,0.00,1,3091,159933,1.078,36.82,606.00,606
80,n80w60.001,1,554,1,126.142,126.142,126.142,554.00,554,0.00,0,0.00,1,3836,278322,1.113,128.32,554.00,554
80,n80w80.001,1,624,0,,,,625.00,625,0.00,0,0.00,1,5348,637846,1.244,303.21,625.00,625
100,n100w20.001,1,738,1,9.976,9.976,9.976,738.00,738,0.00,0,0.00,1,1808,34496,1.117,12.88,738.00,738
100,n100w40.001,1,770,1,126.455,126.455,126.455,774.00,774,0.00,0,0.00,1,3239,169719,1.111,129.38,770.00,770
100,n100w60.001,1,655,1,92.328,92.328,92.328,655.00,655,0.00,0,0.00,1,6848,953954,1.432,95.10,655.00,655
150,n150w20.001,1,925,1,45.638,45.638,45.638,925.00,925,0.00,0,0.00,1,2832,66906,1.146,47.90,925.00,925
150,n150w40.001,1,918,1,209.284,209.284,209.284,918.00,918,0.00,0,0.00,1,5400,385112,1.283,211.94,918.00,918
150,n150w60.001,1,859,0,,,,870.00,870,0.00,0,0.00,1,8751,1104816,1.669,303.30,861.00,861
200,n200w20.001,1,1019,1,67.176,67.176,67.176,1026.00,1026,0.00,0,0.00,1,3983,120606,1.403,70.15,1019.00,1019
200,n200w40.001,1,1023,0,,,,1025.00,1025,0.00,0,0.00,1,8084,676749,1.685,302.46,1024.00,1024
