config,n,instance,runs_ok,target_energy,reached_count,tts_mean,tts_min,tts_max,energy_mean,energy_min,violated_cons_mean,violated_cons_min,tw_violations_mean,feasible_count,var_count,term_count,build_sec_mean,wall_sec_mean,value_mean,value_min
cust0.5,60,n60w20.001,10,551,0,,,,733.80,655,1.00,1,0.00,0,1593,47088,1.075,32.78,,
cust2,60,n60w20.001,10,551,1,7.555,7.555,7.555,736.70,666,1.00,1,1.40,2,1593,47088,1.089,32.82,551.50,551
degree,60,n60w20.001,10,551,2,16.030,3.455,28.606,552.50,551,0.00,0,0.00,10,1593,47088,1.099,32.61,552.40,551
delta,60,n60w20.001,10,551,0,,,,543.00,538,1.00,1,3.80,0,1593,47088,1.057,32.76,,
learn3,60,n60w20.001,10,551,5,10.267,2.791,29.004,632.10,551,0.40,0,0.20,6,1593,47088,1.052,23.05,551.33,551
learn6,60,n60w20.001,10,551,5,12.776,2.329,26.641,574.30,551,0.10,0,0.00,9,1593,47088,1.069,24.28,551.44,551
pair,60,n60w20.001,10,551,0,,,,575.70,568,1.00,1,2.90,0,1593,47088,1.049,32.75,,
rev4,60,n60w20.001,10,551,4,3.608,0.986,7.389,608.60,551,0.50,0,0.00,10,1593,47088,1.047,22.16,551.60,551
scale0.5,60,n60w20.001,10,551,0,,,,678.80,652,1.00,1,1.60,1,1593,47088,1.069,32.77,552.00,552
scale2,60,n60w20.001,10,551,0,,,,806.40,780,1.00,1,0.00,0,1593,47088,1.064,32.76,,
uniform,60,n60w20.001,10,551,3,11.434,1.698,22.516,631.50,551,0.70,0,0.40,6,1593,47088,1.073,27.50,551.50,551
waitsrc0.5,60,n60w20.001,10,551,3,2.863,2.198,3.251,631.50,551,0.70,0,0.50,5,1593,47088,1.113,24.72,551.40,551
