n,instance,run,seed,status,target_energy,energy,reached,tts,objective,violated_cons,tw_violations,feasible,var_count,term_count,build_sec,wall_sec,value,energy_reached
20,n20w20.004,1,1,ok,396,396,1,1.973,396,0,0,True,345,4823,1.097,4.86,396,1
20,n20w40.004,1,1,ok,388,388,1,0.433,388,0,0,True,376,6157,0.966,2.74,388,1
20,n20w60.004,1,1,ok,280,280,1,11.829,280,0,0,True,1427,108818,1.126,13.94,280,1
20,n20w80.004,1,1,ok,304,304,1,4.592,304,0,0,True,1539,121292,1.063,6.80,304,1
20,n20w100.004,1,1,ok,349,349,1,25.898,349,0,0,True,2318,331504,1.174,28.84,349,1
40,n40w20.004,1,1,ok,404,404,1,0.447,404,0,0,True,526,6366,1.033,2.81,404,1
40,n40w40.004,1,1,ok,452,452,1,1.943,452,0,0,True,1459,57538,0.989,4.79,452,1
40,n40w60.004,1,1,ok,382,383,1,20.188,383,0,0,True,2916,285681,1.218,22.90,382,0
40,n40w80.004,1,1,ok,417,418,1,20.207,418,0,0,True,2966,374919,1.148,22.80,417,0
40,n40w100.004,1,1,ok,357,358,1,20.222,358,0,0,True,3446,479977,1.141,22.76,357,0
60,n60w20.004,1,1,ok,616,616,1,0.763,616,0,0,True,925,15656,1.026,2.82,616,1
60,n60w40.004,1,1,ok,597,597,1,11.724,597,0,0,True,1677,69678,1.049,13.81,597,1
60,n60w60.004,1,1,ok,571,571,1,115.603,571,0,0,True,3086,246617,1.280,118.55,571,1
60,n60w80.004,1,1,ok,566,574,0,20.303,574,0,0,True,5034,741538,1.376,303.20,571,0
60,n60w100.004,1,1,ok,510,512,0,108.437,512,0,0,True,6634,1428303,1.539,301.07,512,0
80,n80w20.004,1,1,ok,615,615,1,16.182,615,0,0,True,1408,26701,1.022,18.78,615,1
80,n80w40.004,1,1,ok,557,558,0,207.088,558,0,0,True,3183,192947,1.120,302.10,558,0
80,n80w60.004,1,1,ok,619,619,1,41.225,619,0,0,True,4761,568201,1.286,43.88,619,1
80,n80w80.004,1,1,ok,594,595,0,144.685,595,0,0,True,6978,1207252,1.465,303.09,595,0
100,n100w20.004,1,1,ok,799,801,1,20.147,801,0,0,True,1624,33538,1.096,22.85,799,0
100,n100w40.004,1,1,ok,651,652,0,54.351,652,0,0,True,4135,240877,1.106,303.09,652,0
100,n100w60.004,1,1,ok,764,768,0,81.728,768,0,0,True,6017,862469,1.396,303.14,765,0
150,n150w20.004,1,1,ok,873,874,1,35.841,874,0,0,True,2224,38070,1.267,38.08,873,0
150,n150w40.004,1,1,ok,764,764,1,75.261,764,0,0,True,5641,380496,1.299,78.12,764,1
150,n150w60.004,1,1,ok,819,838,1,107.865,838,0,0,True,8718,1108566,1.646,111.44,819,0
200,n200w20.004,1,1,ok,984,984,1,93.115,984,0,0,True,4204,128441,1.381,96.31,984,1
200,n200w40.004,1,1,ok,980,981,0,129.932,981,0,0,True,8709,885547,1.761,303.47,981,0
