n,instance,vehicles,obj,run,seed,status,energy,tts,objective,violated_cons,tw_violations,feasible,value,total_travel,used_vehicles,var_count,term_count,build_sec,wall_sec
20,n20w20.001,3,max,1,1,ok,375,0.193,max,0,0,True,375,486,3,2214,181914,1.354,33.26
20,n20w20.001,3,max,2,2,ok,375,0.218,max,0,0,True,375,500,3,2214,181914,3.356,35.30
20,n20w20.001,3,max,3,3,ok,375,0.227,max,0,0,True,375,483,3,2214,181914,1.091,33.03
20,n20w20.001,3,max,4,4,ok,375,0.027,max,0,0,True,375,452,3,2214,181914,1.086,33.01
20,n20w20.001,3,max,5,5,ok,375,0.029,max,0,0,True,375,473,3,2214,181914,1.100,32.96
20,n20w20.001,3,max,6,6,ok,375,0.038,max,0,0,True,375,517,3,2214,181914,1.049,33.00
20,n20w20.001,3,max,7,7,ok,375,0.028,max,0,0,True,375,490,3,2214,181914,1.091,32.94
20,n20w20.001,3,max,8,8,ok,375,0.197,max,0,0,True,375,456,3,2214,181914,1.094,33.02
20,n20w20.001,3,max,9,9,ok,375,0.027,max,0,0,True,375,464,3,2214,181914,1.086,32.97
20,n20w20.001,3,max,10,10,ok,375,0.028,max,0,0,True,375,439,3,2214,181914,1.095,33.04
60,n60w20.001,3,max,1,1,ok,577,0.440,max,0,0,True,577,767,3,5400,980058,1.629,34.06
60,n60w20.001,3,max,2,2,ok,577,0.612,max,0,0,True,577,711,3,5400,980058,1.558,34.12
60,n60w20.001,3,max,3,3,ok,577,0.639,max,0,0,True,577,756,3,5400,980058,1.586,34.12
60,n60w20.001,3,max,4,4,ok,577,0.613,max,0,0,True,577,713,3,5400,980058,1.620,34.05
60,n60w20.001,3,max,5,5,ok,577,0.723,max,0,0,True,577,728,3,5400,980058,1.899,34.30
60,n60w20.001,3,max,6,6,ok,577,0.650,max,0,0,True,577,862,3,5400,980058,1.901,34.31
60,n60w20.001,3,max,7,7,ok,577,0.628,max,0,0,True,577,789,3,5400,980058,1.594,34.00
60,n60w20.001,3,max,8,8,ok,577,0.690,max,0,0,True,577,827,3,5400,980058,1.900,34.08
60,n60w20.001,3,max,9,9,ok,577,0.720,max,0,0,True,577,821,3,5400,980058,1.540,34.07
60,n60w20.001,3,max,10,10,ok,577,0.735,max,0,0,True,577,770,3,5400,980058,1.576,34.17
100,n100w20.001,3,max,1,1,ok,827,0.081,max,0,0,True,827,1155,3,8631,2340816,2.508,35.17
100,n100w20.001,3,max,2,2,ok,827,0.011,max,0,0,True,827,1162,3,8631,2340816,3.191,36.46
100,n100w20.001,3,max,3,3,ok,827,0.010,max,0,0,True,827,1148,3,8631,2340816,2.408,35.08
100,n100w20.001,3,max,4,4,ok,827,0.011,max,0,0,True,827,1165,3,8631,2340816,3.170,36.18
100,n100w20.001,3,max,5,5,ok,827,0.012,max,0,0,True,827,1162,3,8631,2340816,3.177,36.36
100,n100w20.001,3,max,6,6,ok,827,0.080,max,0,0,True,827,1131,3,8631,2340816,2.392,35.22
100,n100w20.001,3,max,7,7,ok,827,0.099,max,0,0,True,827,1123,3,8631,2340816,2.468,35.14
100,n100w20.001,3,max,8,8,ok,827,0.115,max,0,0,True,827,1149,3,8631,2340816,3.937,36.64
100,n100w20.001,3,max,9,9,ok,827,0.104,max,0,0,True,827,1083,3,8631,2340816,2.686,35.47
100,n100w20.001,3,max,10,10,ok,827,0.082,max,0,0,True,827,1174,3,8631,2340816,2.419,35.09
60,n60w60.001,3,max,1,1,ok,705,0.427,max,0,0,True,705,846,3,11793,3264447,2.989,36.15
60,n60w60.001,3,max,2,2,ok,705,1.345,max,0,0,True,705,950,3,11793,3264447,3.971,37.29
60,n60w60.001,3,max,3,3,ok,705,1.324,max,0,0,True,705,1027,3,11793,3264447,2.954,36.09
60,n60w60.001,3,max,4,4,ok,705,1.309,max,0,0,True,705,981,3,11793,3264447,2.905,36.19
60,n60w60.001,3,max,5,5,ok,705,1.285,max,0,0,True,705,860,3,11793,3264447,2.845,36.09
60,n60w60.001,3,max,6,6,ok,705,1.491,max,0,0,True,705,958,3,11793,3264447,3.001,36.13
60,n60w60.001,3,max,7,7,ok,705,1.332,max,0,0,True,705,1023,3,11793,3264447,2.926,36.15
60,n60w60.001,3,max,8,8,ok,705,1.239,max,0,0,True,705,1018,3,11793,3264447,2.871,36.10
60,n60w60.001,3,max,9,9,ok,705,1.252,max,0,0,True,705,1019,3,11793,3264447,2.939,36.06
60,n60w60.001,3,max,10,10,ok,705,0.166,max,0,0,True,705,852,3,11793,3264447,2.956,36.15
60,n60w100.001,3,max,1,1,ok,544,3.079,max,0,0,True,544,1045,3,18417,7602762,5.256,40.23
60,n60w100.001,3,max,2,2,ok,544,0.005,max,0,0,True,544,911,3,18417,7602762,5.209,40.20
60,n60w100.001,3,max,3,3,ok,544,0.006,max,0,0,True,544,905,3,18417,7602762,6.048,41.36
60,n60w100.001,3,max,4,4,ok,544,3.067,max,0,0,True,544,802,3,18417,7602762,5.335,41.16
60,n60w100.001,3,max,5,5,ok,544,2.537,max,0,0,True,544,774,3,18417,7602762,5.325,40.06
60,n60w100.001,3,max,6,6,ok,544,3.255,max,0,0,True,544,849,3,18417,7602762,6.274,41.42
60,n60w100.001,3,max,7,7,ok,544,4.028,max,0,0,True,544,932,3,18417,7602762,5.237,40.22
60,n60w100.001,3,max,8,8,ok,544,3.514,max,0,0,True,544,894,3,18417,7602762,6.083,41.45
60,n60w100.001,3,max,9,9,ok,544,3.921,max,0,0,True,544,759,3,18417,7602762,5.133,40.32
60,n60w100.001,3,max,10,10,ok,544,2.585,max,0,0,True,544,747,3,18417,7602762,5.122,40.19
