n,instance,run,seed,status,target_energy,energy,reached,tts,objective,violated_cons,tw_violations,feasible,var_count,term_count,build_sec,wall_sec
60,n60w20.001,1,1,ok,551,552,0,1.901,552,0,0,True,1593,47088,1.361,36.90
60,n60w20.001,2,2,ok,551,552,0,2.688,552,0,0,True,1593,47088,1.093,35.50
60,n60w20.001,3,3,ok,551,668,0,2.295,543,1,0,True,1593,47088,2.969,40.20
60,n60w20.001,4,4,ok,551,551,1,0.641,551,0,0,True,1593,47088,3.490,10.78
60,n60w20.001,5,5,ok,551,666,0,2.865,541,1,0,True,1593,47088,3.431,40.91
60,n60w20.001,6,6,ok,551,667,0,0.986,542,1,0,True,1593,47088,1.080,37.94
60,n60w20.001,7,7,ok,551,667,0,1.948,542,1,0,True,1593,47088,3.138,38.49
60,n60w20.001,8,8,ok,551,666,0,2.004,541,1,0,True,1593,47088,3.228,39.52
60,n60w20.001,9,9,ok,551,551,1,2.766,551,0,0,True,1593,47088,1.706,11.76
60,n60w20.001,10,10,ok,551,666,0,1.980,541,1,0,True,1593,47088,1.022,35.06
60,n60w40.001,1,1,ok,591,595,0,7.618,595,0,0,True,2950,211676,3.839,40.92
60,n60w40.001,2,2,ok,591,592,0,1.485,592,0,0,True,2950,211676,1.124,35.03
60,n60w40.001,3,3,ok,591,594,0,6.717,594,0,0,True,2950,211676,3.327,40.37
60,n60w40.001,4,4,ok,591,592,0,7.468,592,0,0,True,2950,211676,1.477,34.58
60,n60w40.001,5,5,ok,591,592,0,3.109,592,0,0,True,2950,211676,3.120,37.31
60,n60w40.001,6,6,ok,591,591,1,19.118,591,0,0,True,2950,211676,3.492,32.53
60,n60w40.001,7,7,ok,591,594,0,18.892,594,0,0,True,2950,211676,3.858,40.77
60,n60w40.001,8,8,ok,591,591,1,26.824,591,0,0,True,2950,211676,1.236,37.31
60,n60w40.001,9,9,ok,591,591,1,23.611,591,0,0,True,2950,211676,1.136,29.04
60,n60w40.001,10,10,ok,591,591,1,3.025,591,0,0,True,2950,211676,2.869,12.40
60,n60w60.001,1,1,error(134),609,,,,,,,,,,,30.64
60,n60w60.001,2,2,ok,609,617,0,29.060,617,0,0,True,4004,481163,9.418,46.28
60,n60w60.001,3,3,ok,609,622,0,20.466,622,0,0,True,4004,481163,4.012,40.67
60,n60w60.001,4,4,ok,609,754,0,20.228,623,1,0,True,4004,481163,1.316,37.12
60,n60w60.001,5,5,ok,609,616,0,27.045,616,0,0,True,4004,481163,1.311,35.09
60,n60w60.001,6,6,ok,609,626,0,24.642,626,0,0,True,4004,481163,3.046,40.09
60,n60w60.001,7,7,ok,609,618,0,29.981,618,0,0,True,4004,481163,1.326,35.01
60,n60w60.001,8,8,ok,609,616,0,23.554,616,0,0,True,4004,481163,2.948,39.80
60,n60w60.001,9,9,ok,609,614,0,28.300,614,0,0,True,4004,481163,3.266,39.26
60,n60w60.001,10,10,ok,609,615,0,25.484,615,0,0,True,4004,481163,3.188,37.94
60,n60w80.001,1,1,ok,458,466,0,29.980,466,0,0,True,6741,1500593,2.783,38.61
60,n60w80.001,2,2,ok,458,468,0,23.367,468,0,0,True,6741,1500593,4.289,40.58
60,n60w80.001,3,3,error(134),458,,,,,,,,,,,29.39
60,n60w80.001,4,4,error(134),458,,,,,,,,,,,29.38
60,n60w80.001,5,5,ok,458,475,0,29.016,475,0,0,True,6741,1500593,10.334,45.40
60,n60w80.001,6,6,ok,458,486,0,21.385,486,0,0,True,6741,1500593,29.849,64.88
60,n60w80.001,7,7,ok,458,478,0,21.227,478,0,0,True,6741,1500593,28.381,61.29
60,n60w80.001,8,8,ok,458,462,0,22.811,462,0,0,True,6741,1500593,3.931,38.15
60,n60w80.001,9,9,ok,458,468,0,24.228,468,0,0,True,6741,1500593,4.190,39.73
60,n60w80.001,10,10,ok,458,472,0,24.893,472,0,0,True,6741,1500593,4.289,39.34
60,n60w100.001,1,1,ok,515,640,0,28.552,519,1,0,True,7366,2504029,3.308,39.80
60,n60w100.001,2,2,ok,515,760,0,27.051,518,1,0,True,7366,2504029,4.626,39.98
60,n60w100.001,3,3,ok,515,628,0,23.317,507,1,0,True,7366,2504029,4.511,39.30
60,n60w100.001,4,4,ok,515,623,0,29.760,502,1,0,True,7366,2504029,5.086,38.21
60,n60w100.001,5,5,ok,515,644,0,20.926,523,1,0,True,7366,2504029,5.178,40.86
60,n60w100.001,6,6,ok,515,645,0,22.575,524,1,0,True,7366,2504029,5.668,41.69
60,n60w100.001,7,7,ok,515,747,0,19.936,505,1,0,True,7366,2504029,5.072,40.66
60,n60w100.001,8,8,ok,515,653,0,28.940,532,1,0,True,7366,2504029,5.667,41.43
60,n60w100.001,9,9,ok,515,759,0,28.623,517,1,0,True,7366,2504029,5.032,41.54
60,n60w100.001,10,10,ok,515,632,0,24.641,511,1,0,True,7366,2504029,4.918,42.48
